,0
0,tarn
1,chum
2,clod
3,kaph
4,muss
5,bani
6,coat
7,culm
8,muts
9,yids
10,gods
11,fife
12,dere
13,arms
14,bris
15,diet
16,pice
17,naoi
18,seep
19,hulk
20,soar
21,doxy
22,walk
23,pest
24,obit
25,doat
26,lewd
27,dull
28,ilia
29,trow
30,sord
31,teat
32,vara
33,blue
34,bows
35,cafe
36,drek
37,fret
38,ewer
39,rath
40,saul
41,tens
42,wand
43,some
44,nurd
45,goos
46,redd
47,unco
48,rims
49,asea
50,ryot
51,veld
52,akin
53,paty
54,agio
55,amps
56,defi
57,dims
58,kiss
59,salt
60,pang
61,flow
62,spew
63,bane
64,dong
65,goad
66,ambo
67,blam
68,apod
69,muds
70,rose
71,wham
72,bawl
73,bine
74,mete
75,gude
76,weed
77,myna
78,seed
79,gnat
80,jarl
81,reef
82,roes
83,fart
84,shul
85,taxi
86,knot
87,dorp
88,dell
89,vail
90,hora
91,high
92,cave
93,yipe
94,alar
95,dray
96,neif
97,fork
98,otic
99,qats
100,quit
101,phiz
102,hits
103,phat
104,tarp
105,tuna
106,ulva
107,suns
108,bale
109,whey
110,lilt
111,wash
112,gulf
113,sari
114,brit
115,daws
116,dare
117,diol
118,mano
119,sail
120,mirk
121,wark
122,haet
123,joky
124,pein
125,mute
126,apes
127,used
128,puns
129,wees
130,nils
131,gait
132,expo
133,nerd
134,flan
135,vied
136,gaed
137,swop
138,silo
139,weal
140,bill
141,cess
142,peer
143,wadi
144,flic
145,vugg
146,nada
147,rich
148,saws
149,tows
150,ires
151,tare
152,volt
153,cuts
154,mesa
155,doux
156,kill
157,faze
158,alow
159,anes
160,fags
161,feed
162,kobs
163,tump
164,yoni
165,kibe
166,prey
167,vats
168,silk
169,nary
170,boos
171,amin
172,song
173,tall
174,boor
175,coop
176,kept
177,gasp
178,conn
179,dhal
180,skin
181,sock
182,step
183,loco
184,mhos
185,moms
186,cark
187,colt
188,cons
189,eyes
190,foot
191,amid
192,khan
193,stem
194,bode
195,goof
196,pois
197,dubs
198,giga
199,goth
200,holk
201,sora
202,yerk
203,begs
204,pacs
205,dips
206,wend
207,bite
208,copy
209,lied
210,mail
211,rune
212,soot
213,gaff
214,toom
215,dues
216,nets
217,pick
218,pink
219,fubs
220,soak
221,udos
222,dopy
223,blip
224,male
225,dark
226,bura
227,born
228,fern
229,have
230,read
231,konk
232,buns
233,biff
234,dash
235,rids
236,scum
237,cull
238,head
239,cuff
240,aver
241,hyla
242,coof
243,duos
244,zinc
245,bola
246,quey
247,jean
248,idyl
249,okay
250,stud
251,goas
252,slit
253,snob
254,toil
255,ergo
256,gain
257,fond
258,toff
259,wens
260,chid
261,shoe
262,rats
263,cosh
264,lino
265,dais
266,gall
267,thin
268,rare
269,neem
270,kist
271,span
272,from
273,gads
274,giro
275,abri
276,mibs
277,kook
278,cure
279,apse
280,coxa
281,save
282,knap
283,lead
284,plow
285,nana
286,bitt
287,pixy
288,leer
289,vote
290,oohs
291,auto
292,merk
293,jeon
294,moss
295,rotl
296,pits
297,glow
298,awed
299,haaf
300,text
301,chew
302,mops
303,grim
304,tint
305,book
306,keef
307,chia
308,burp
309,hast
310,vibe
311,deil
312,djin
313,thug
314,virl
315,abbe
316,vita
317,luge
318,obes
319,dogy
320,ryas
321,with
322,bens
323,twat
324,smut
325,gips
326,nosy
327,umps
328,ploy
329,lice
330,thud
331,bast
332,cost
333,tory
334,says
335,egos
336,howk
337,gulp
338,lugs
339,leet
340,turn
341,rule
342,trap
343,quod
344,frap
345,mean
346,lams
347,node
348,guid
349,sops
350,malt
351,rive
352,atap
353,west
354,chow
355,kane
356,redo
357,gamp
358,naif
359,curs
360,sorb
361,welt
362,sans
363,magi
364,proa
365,isba
366,yack
367,kern
368,olla
369,tele
370,tort
371,flax
372,eyer
373,jest
374,wino
375,arks
376,shay
377,spud
378,airs
379,know
380,oses
381,boil
382,yaps
383,peag
384,joss
385,puts
386,boom
387,bade
388,shop
389,dyne
390,agin
391,gimp
392,oboe
393,what
394,hoof
395,suba
396,herd
397,yell
398,orts
399,rend
400,hunh
401,corm
402,marc
403,geek
404,knur
405,rift
406,full
407,wots
408,resh
409,fawn
410,lava
411,emes
412,durn
413,cups
414,gats
415,vein
416,drip
417,hogg
418,lati
419,illy
420,oven
421,crop
422,hock
423,slop
424,etch
425,elan
426,peck
427,pily
428,dyed
429,gaol
430,flux
431,seem
432,waps
433,crus
434,opah
435,coal
436,hazy
437,last
438,cola
439,poms
440,tams
441,sabs
442,pail
443,egal
444,shoo
445,clan
446,golf
447,arch
448,pain
449,bigs
450,blog
451,toyo
452,cavy
453,kvas
454,dose
455,zeta
456,doth
457,eses
458,fire
459,sybo
460,imid
461,hunk
462,hung
463,cake
464,shog
465,went
466,roar
467,kina
468,spin
469,chin
470,pupa
471,goop
472,kyak
473,nips
474,nixy
475,rems
476,bock
477,kaki
478,anil
479,gars
480,bulk
481,daut
482,kale
483,mics
484,ankh
485,upon
486,vole
487,hobo
488,oral
489,doff
490,fins
491,kami
492,wine
493,kens
494,kore
495,loop
496,tiff
497,wags
498,dory
499,tans
500,bled
501,coco
502,runs
503,soup
504,tabu
505,they
506,dual
507,orcs
508,lard
509,arco
510,reap
511,zoon
512,cold
513,sulu
514,lest
515,lech
516,deet
517,rums
518,gray
519,hubs
520,pony
521,corf
522,haut
523,haze
524,vets
525,haem
526,duck
527,kink
528,bloc
529,cute
530,army
531,stub
532,guan
533,immy
534,porn
535,brat
536,uric
537,ties
538,tick
539,real
540,calk
541,deva
542,rins
543,furs
544,baba
545,bobs
546,crud
547,naos
548,ilks
549,rudd
550,mull
551,wear
552,tapa
553,serf
554,bott
555,sham
556,gunk
557,nags
558,fems
559,yens
560,tour
561,piss
562,rill
563,caky
564,firs
565,died
566,logo
567,wait
568,tout
569,toon
570,blob
571,fact
572,gage
573,titi
574,hays
575,ween
576,mura
577,blab
578,ilka
579,futz
580,dear
581,axel
582,reif
583,hire
584,oval
585,anon
586,lari
587,ooze
588,vert
589,yean
590,malm
591,tomb
592,ouds
593,rods
594,bubo
595,curf
596,linn
597,holy
598,vise
599,peso
600,maid
601,shim
602,dens
603,lobo
604,tugs
605,axon
606,toms
607,hods
608,wynn
609,legs
610,repp
611,soft
612,cels
613,knee
614,qoph
615,duff
616,lept
617,zags
618,bogy
619,sorn
620,tins
621,swam
622,jugs
623,wren
624,lyre
625,roti
626,lade
627,toes
628,oast
629,page
630,seek
631,eyra
632,hint
633,thru
634,gnar
635,sago
636,smew
637,ahoy
638,tush
639,bird
640,alit
641,pams
642,horn
643,cusk
644,bats
645,hack
646,sift
647,dada
648,auks
649,oles
650,grig
651,mors
652,been
653,plat
654,carn
655,jags
656,gelt
657,tops
658,hins
659,sold
660,abos
661,grew
662,lark
663,bent
664,tees
665,beer
666,bait
667,crew
668,sane
669,limy
670,odea
671,woks
672,onyx
673,hale
674,neat
675,lima
676,byte
677,area
678,rani
679,posh
680,razz
681,bach
682,yuch
683,gadi
684,wogs
685,wrap
686,cove
687,even
688,kolo
689,date
690,pint
691,wyns
692,cunt
693,bumf
694,jeed
695,vain
696,yawn
697,acne
698,road
699,rook
700,lack
701,pack
702,vast
703,haik
704,toby
705,moos
706,ague
707,port
708,rant
709,bate
710,hoya
711,wane
712,awns
713,jigs
714,kine
715,curt
716,sori
717,dura
718,amir
719,chub
720,olio
721,keek
722,less
723,yang
724,lins
725,pyas
726,rage
727,figs
728,deys
729,honk
730,cool
731,teff
732,mart
733,fang
734,lieu
735,nigh
736,frag
737,jack
738,cole
739,leap
740,mako
741,pact
742,rash
743,char
744,bean
745,gamy
746,cuke
747,slob
748,agma
749,seen
750,slam
751,rape
752,trug
753,aloe
754,maes
755,sibb
756,ugly
757,mojo
758,howf
759,gawp
760,yirr
761,gleg
762,obol
763,butt
764,maun
765,polo
766,lady
767,fled
768,stat
769,rink
770,maps
771,joes
772,levy
773,nard
774,vine
775,wite
776,dome
777,drum
778,corn
779,hear
780,wyle
781,hemp
782,skit
783,sunk
784,hobs
785,skee
786,suck
787,type
788,hilt
789,chaw
790,hail
791,leak
792,ruse
793,elmy
794,puke
795,grow
796,pith
797,seat
798,mool
799,pare
800,plew
801,coin
802,beam
803,boys
804,khaf
805,upby
806,lwei
807,ides
808,bide
809,chip
810,burl
811,miri
812,gang
813,rows
814,holt
815,eths
816,wabs
817,comp
818,slue
819,unto
820,gaud
821,cope
822,ball
823,kick
824,rolf
825,bots
826,oozy
827,lear
828,merl
829,psis
830,gowd
831,evil
832,hose
833,duly
834,ales
835,burd
836,dope
837,emus
838,aged
839,twas
840,putz
841,acts
842,molt
843,drys
844,pork
845,devs
846,stop
847,geta
848,toke
849,cote
850,lory
851,slum
852,user
853,durr
854,helm
855,mast
856,sues
857,alme
858,axis
859,lich
860,tegs
861,lake
862,viga
863,firm
864,dame
865,spas
866,moor
867,runt
868,just
869,dale
870,jism
871,snag
872,tate
873,orra
874,unau
875,jefe
876,deme
877,hems
878,turk
879,labs
880,nide
881,whys
882,jade
883,hest
884,crap
885,eyry
886,rand
887,spae
888,bike
889,beys
890,find
891,jump
892,tang
893,guck
894,prom
895,olea
896,feod
897,spiv
898,azan
899,coif
900,mock
901,fens
902,dhow
903,whoa
904,caul
905,void
906,snap
907,roms
908,dols
909,form
910,leal
911,balk
912,mobs
913,pugs
914,tape
915,pepo
916,eyed
917,impi
918,loft
919,purs
920,reed
921,cued
922,holm
923,mats
924,mirs
925,torn
926,doit
927,jews
928,ajar
929,rave
930,ware
931,arfs
932,asci
933,hewn
934,cask
935,jive
936,okes
937,tars
938,good
939,dawk
940,muon
941,hoop
942,milo
943,tile
944,curb
945,pave
946,viva
947,suer
948,gees
949,mocs
950,barm
951,ritz
952,gate
953,reel
954,mity
955,burr
956,link
957,haed
958,keto
959,laky
960,obey
961,dank
962,rhus
963,vill
964,mony
965,lime
966,mars
967,pili
968,star
969,dojo
970,font
971,brad
972,gest
973,tads
974,caff
975,dahl
976,ayes
977,wiss
978,spec
979,blin
980,waif
981,bees
982,reck
983,kaas
984,kiln
985,lops
986,jete
987,fees
988,liar
989,dice
990,pups
991,nabe
992,sale
993,awry
994,gams
995,sned
996,raid
997,syke
998,waes
999,watt
1000,hots
1001,gaga
1002,wych
1003,quip
1004,egis
1005,fuse
1006,pulp
1007,yaup
1008,afar
1009,earl
1010,lots
1011,grit
1012,mott
1013,beds
1014,coni
1015,duds
1016,feal
1017,sped
1018,hype
1019,left
1020,cops
1021,daze
1022,snow
1023,aide
1024,tass
1025,push
1026,weld
1027,gogo
1028,mick
1029,name
1030,arty
1031,nolo
1032,nine
1033,tiro
1034,neep
1035,joey
1036,rami
1037,pipy
1038,rein
1039,grue
1040,rusk
1041,jets
1042,brie
1043,forb
1044,hogs
1045,meat
1046,thee
1047,nevi
1048,oath
1049,quag
1050,hops
1051,toss
1052,nuns
1053,libs
1054,zoea
1055,grin
1056,drop
1057,reps
1058,lace
1059,foul
1060,keep
1061,tern
1062,crux
1063,poly
1064,sels
1065,ocas
1066,flak
1067,hold
1068,ages
1069,yoks
1070,bath
1071,brim
1072,stew
1073,asps
1074,koel
1075,hero
1076,disk
1077,tune
1078,sort
1079,lobs
1080,saki
1081,bore
1082,dopa
1083,gree
1084,vane
1085,mome
1086,dote
1087,friz
1088,sure
1089,hugs
1090,hoer
1091,ruby
1092,quad
1093,yill
1094,baps
1095,nims
1096,boss
1097,debt
1098,ands
1099,guar
1100,rope
1101,undy
1102,obia
1103,suss
1104,yoke
1105,bras
1106,gash
1107,grad
1108,weir
1109,inly
1110,ohia
1111,ions
1112,gowk
1113,uses
1114,mels
1115,fiat
1116,pews
1117,zerk
1118,wack
1119,loti
1120,nays
1121,migs
1122,snit
1123,lust
1124,emir
1125,engs
1126,flip
1127,fere
1128,pish
1129,sirs
1130,yuga
1131,fobs
1132,ably
1133,lurk
1134,webs
1135,slur
1136,woad
1137,leud
1138,foss
1139,cloy
1140,crow
1141,sits
1142,kapa
1143,wife
1144,loot
1145,taws
1146,bibb
1147,aura
1148,kame
1149,zill
1150,arum
1151,dozy
1152,ghis
1153,nota
1154,rang
1155,zone
1156,wept
1157,racy
1158,vier
1159,gaun
1160,meta
1161,onus
1162,cuss
1163,unbe
1164,mark
1165,rale
1166,hula
1167,hide
1168,gnus
1169,luny
1170,itch
1171,best
1172,jars
1173,kifs
1174,hath
1175,soma
1176,lads
1177,view
1178,wolf
1179,tost
1180,gama
1181,rota
1182,rial
1183,term
1184,oops
1185,grum
1186,slog
1187,bubs
1188,pomp
1189,recs
1190,ends
1191,babu
1192,hies
1193,seam
1194,sene
1195,ills
1196,wage
1197,enol
1198,nest
1199,give
1200,cyst
1201,prao
1202,sags
1203,utas
1204,fast
1205,minx
1206,hoke
1207,dipt
1208,loin
1209,lane
1210,rock
1211,tets
1212,fore
1213,tits
1214,taps
1215,doer
1216,mime
1217,plus
1218,limp
1219,winy
1220,nark
1221,hips
1222,item
1223,anta
1224,hard
1225,mawn
1226,slay
1227,vary
1228,loss
1229,jiff
1230,kail
1231,zeks
1232,awls
1233,call
1234,hant
1235,yogi
1236,jouk
1237,nude
1238,raki
1239,noil
1240,yays
1241,glum
1242,reis
1243,sank
1244,ciao
1245,tyke
1246,mora
1247,lees
1248,rhos
1249,lily
1250,mach
1251,buts
1252,earn
1253,tack
1254,tace
1255,fish
1256,edhs
1257,alto
1258,orby
1259,diss
1260,meth
1261,pads
1262,rake
1263,hued
1264,foys
1265,huff
1266,whap
1267,epic
1268,meld
1269,ghee
1270,elds
1271,mana
1272,tabs
1273,pose
1274,koss
1275,hers
1276,heap
1277,hons
1278,lota
1279,opes
1280,leis
1281,bank
1282,pals
1283,lift
1284,rosy
1285,amen
1286,each
1287,bush
1288,ling
1289,ovum
1290,note
1291,yogh
1292,miff
1293,warp
1294,girt
1295,yeah
1296,lave
1297,nixe
1298,claw
1299,like
1300,hisn
1301,kyte
1302,atom
1303,bass
1304,ates
1305,elks
1306,glob
1307,rood
1308,leks
1309,soke
1310,taka
1311,nipa
1312,tora
1313,cate
1314,lune
1315,side
1316,sole
1317,eger
1318,tolu
1319,genu
1320,rubs
1321,scab
1322,bise
1323,pope
1324,ours
1325,thae
1326,euro
1327,fave
1328,maut
1329,nome
1330,tags
1331,bake
1332,dunt
1333,tael
1334,fear
1335,mono
1336,wast
1337,jeux
1338,twos
1339,nene
1340,care
1341,main
1342,mumm
1343,veil
1344,dust
1345,riff
1346,docs
1347,soul
1348,poop
1349,clop
1350,goat
1351,room
1352,tils
1353,hews
1354,veep
1355,paik
1356,gale
1357,cans
1358,muck
1359,seel
1360,bema
1361,dike
1362,lorn
1363,noel
1364,fugs
1365,levo
1366,gyro
1367,goby
1368,iris
1369,jibe
1370,worn
1371,barb
1372,pong
1373,fisc
1374,etic
1375,bevy
1376,tipi
1377,mair
1378,hone
1379,ouch
1380,warn
1381,tosh
1382,cork
1383,keck
1384,dahs
1385,pula
1386,espy
1387,mows
1388,pays
1389,bags
1390,foal
1391,phew
1392,rifs
1393,wort
1394,tyro
1395,hind
1396,task
1397,boff
1398,oafs
1399,post
1400,bugs
1401,qaid
1402,food
1403,sore
1404,whee
1405,gyre
1406,bawd
1407,jimp
1408,rate
1409,wows
1410,blaw
1411,shot
1412,mopy
1413,pass
1414,noma
1415,whiz
1416,dirl
1417,gilt
1418,germ
1419,luff
1420,pies
1421,frow
1422,scot
1423,verb
1424,yawp
1425,weak
1426,soap
1427,jink
1428,fuel
1429,ness
1430,peds
1431,dreg
1432,outs
1433,pion
1434,sing
1435,sith
1436,slew
1437,shah
1438,long
1439,maxi
1440,jays
1441,ebon
1442,momi
1443,lamb
1444,core
1445,hang
1446,murk
1447,sard
1448,skeg
1449,noon
1450,egad
1451,ibex
1452,oleo
1453,sear
1454,bare
1455,lits
1456,fyke
1457,tats
1458,tuff
1459,enuf
1460,jeep
1461,half
1462,role
1463,gybe
1464,pubs
1465,owns
1466,dado
1467,self
1468,zine
1469,lehr
1470,gook
1471,dour
1472,davy
1473,cord
1474,bead
1475,open
1476,aids
1477,etna
1478,peke
1479,hick
1480,pleb
1481,wans
1482,gyri
1483,meou
1484,pole
1485,burs
1486,hand
1487,ding
1488,acta
1489,wind
1490,veto
1491,cyme
1492,poll
1493,scry
1494,effs
1495,deer
1496,hied
1497,ease
1498,near
1499,maim
1500,slat
1501,tofu
1502,meow
1503,dabs
1504,hare
1505,leku
1506,sris
1507,gent
1508,slid
1509,must
1510,sego
1511,fido
1512,gied
1513,keps
1514,knit
1515,wats
1516,roan
1517,fair
1518,dita
1519,birl
1520,cobs
1521,deep
1522,skat
1523,gobs
1524,hets
1525,worm
1526,okra
1527,ruin
1528,unai
1529,weep
1530,vend
1531,sipe
1532,very
1533,haen
1534,waws
1535,dyer
1536,phot
1537,gosh
1538,gaum
1539,bard
1540,eyne
1541,sots
1542,alga
1543,hist
1544,puny
1545,zigs
1546,flam
1547,birr
1548,croc
1549,ramp
1550,test
1551,does
1552,hoar
1553,veal
1554,thir
1555,fill
1556,albs
1557,oust
1558,puja
1559,mayo
1560,puff
1561,zips
1562,bilk
1563,rear
1564,dyad
1565,tiny
1566,yuan
1567,soil
1568,hall
1569,lure
1570,oars
1571,nett
1572,seal
1573,that
1574,yard
1575,hill
1576,bays
1577,bind
1578,miso
1579,ribs
1580,pair
1581,coly
1582,liri
1583,fano
1584,ante
1585,anoa
1586,puna
1587,wilt
1588,maze
1589,boyo
1590,yews
1591,bute
1592,rise
1593,doms
1594,seme
1595,quay
1596,inks
1597,quai
1598,dodo
1599,sets
1600,bran
1601,chad
1602,geds
1603,dune
1604,silt
1605,tuts
1606,glad
1607,awny
1608,vims
1609,wyes
1610,buzz
1611,oxes
1612,slag
1613,gush
1614,delf
1615,eide
1616,hila
1617,alef
1618,disc
1619,sled
1620,idle
1621,hake
1622,iglu
1623,tole
1624,sugh
1625,wair
1626,sook
1627,pyin
1628,grat
1629,thou
1630,wame
1631,kohl
1632,ruga
1633,turd
1634,syli
1635,lame
1636,pram
1637,myth
1638,haes
1639,miry
1640,lawn
1641,mort
1642,reds
1643,tali
1644,erst
1645,held
1646,rung
1647,tusk
1648,scad
1649,pirn
1650,soph
1651,toed
1652,chon
1653,dido
1654,robe
1655,jaws
1656,iced
1657,filo
1658,alba
1659,mons
1660,edge
1661,eddo
1662,jerk
1663,jehu
1664,inti
1665,kepi
1666,taos
1667,gabs
1668,raia
1669,tray
1670,voes
1671,roup
1672,noms
1673,brio
1674,mazy
1675,kabs
1676,zoos
1677,pant
1678,oldy
1679,hypo
1680,pons
1681,sour
1682,whew
1683,yowl
1684,dots
1685,azon
1686,bier
1687,purr
1688,smog
1689,calm
1690,coff
1691,feet
1692,sics
1693,olds
1694,pull
1695,mall
1696,veer
1697,swum
1698,cots
1699,fash
1700,toga
1701,ohms
1702,flag
1703,drab
1704,lays
1705,abed
1706,eely
1707,bulb
1708,nebs
1709,rams
1710,dial
1711,ajee
1712,skim
1713,wisp
1714,hump
1715,avow
1716,fozy
1717,onto
1718,pyre
1719,whig
1720,kerb
1721,ouzo
1722,kudu
1723,beck
1724,laic
1725,koan
1726,soys
1727,dirk
1728,scut
1729,cepe
1730,yird
1731,hove
1732,kata
1733,peen
1734,bisk
1735,reft
1736,bibs
1737,gist
1738,yoga
1739,duty
1740,ryes
1741,nock
1742,tyes
1743,kiva
1744,flew
1745,yobs
1746,swat
1747,bars
1748,cods
1749,airt
1750,mien
1751,poem
1752,vins
1753,cedi
1754,doby
1755,tola
1756,dons
1757,mule
1758,murr
1759,safe
1760,swan
1761,mace
1762,sere
1763,yarn
1764,zori
1765,gram
1766,tors
1767,suet
1768,mind
1769,lets
1770,okas
1771,lush
1772,saga
1773,fava
1774,snib
1775,fils
1776,togs
1777,isms
1778,chef
1779,batt
1780,romp
1781,raws
1782,hull
1783,sang
1784,shag
1785,dock
1786,buys
1787,sake
1788,talc
1789,coup
1790,nobs
1791,play
1792,pome
1793,work
1794,pump
1795,fell
1796,dorm
1797,milk
1798,flub
1799,shmo
1800,chez
1801,lyes
1802,ruff
1803,ruts
1804,nibs
1805,cite
1806,haul
1807,amis
1808,twae
1809,emic
1810,aril
1811,team
1812,maud
1813,hols
1814,baff
1815,hows
1816,jibs
1817,brrr
1818,dram
1819,ired
1820,blot
1821,clon
1822,foil
1823,typo
1824,conk
1825,goys
1826,owls
1827,waly
1828,cues
1829,prat
1830,goes
1831,geld
1832,knop
1833,gawk
1834,coke
1835,cube
1836,sows
1837,cory
1838,ices
1839,epos
1840,rads
1841,seis
1842,cede
1843,halt
1844,fats
1845,idol
1846,ogam
1847,zero
1848,ashy
1849,keno
1850,pehs
1851,pots
1852,alky
1853,lode
1854,wail
1855,spaz
1856,ixia
1857,lunk
1858,mend
1859,echo
1860,host
1861,jury
1862,lies
1863,wuss
1864,gull
1865,ogre
1866,shaw
1867,kier
1868,daub
1869,moon
1870,pray
1871,ring
1872,rout
1873,sett
1874,judo
1875,zeds
1876,lean
1877,kike
1878,bund
1879,phis
1880,wale
1881,adds
1882,rags
1883,hoax
1884,tome
1885,gems
1886,gink
1887,wimp
1888,till
1889,clad
1890,flab
1891,doom
1892,plea
1893,rato
1894,wool
1895,foci
1896,list
1897,kind
1898,eyen
1899,amas
1900,tope
1901,orbs
1902,sown
1903,zeal
1904,juju
1905,fete
1906,tree
1907,dink
1908,zebu
1909,jeez
1910,pics
1911,darb
1912,four
1913,caca
1914,pash
1915,same
1916,teel
1917,oped
1918,heth
1919,dine
1920,offs
1921,hoys
1922,phut
1923,toph
1924,frat
1925,harl
1926,yock
1927,risk
1928,face
1929,fays
1930,sued
1931,gild
1932,jute
1933,lath
1934,whom
1935,anga
1936,coft
1937,yeuk
1938,jiao
1939,haji
1940,cats
1941,ruth
1942,also
1943,koph
1944,wonk
1945,urds
1946,hyte
1947,dent
1948,shod
1949,sigh
1950,camp
1951,alfa
1952,axal
1953,foxy
1954,habu
1955,john
1956,nuts
1957,kbar
1958,jogs
1959,quid
1960,rice
1961,eats
1962,czar
1963,jots
1964,kana
1965,sain
1966,hats
1967,laud
1968,idem
1969,kips
1970,torr
1971,shad
1972,flop
1973,punk
1974,poon
1975,eggs
1976,arid
1977,pled
1978,tyre
1979,mugs
1980,mink
1981,vile
1982,pelf
1983,mutt
1984,doty
1985,fief
1986,pita
1987,once
1988,lope
1989,yett
1990,cone
1991,owes
1992,swag
1993,lums
1994,crib
1995,nisi
1996,halm
1997,bond
1998,grid
1999,logy
2000,poor
2001,teed
2002,rebs
2003,celt
2004,homy
2005,yups
2006,cash
2007,mead
2008,zany
2009,ropy
2010,lens
2011,soli
2012,lank
2013,suqs
2014,dole
2015,ados
2016,coss
2017,aqua
2018,mash
2019,pard
2020,zits
2021,fend
2022,moly
2023,swim
2024,yips
2025,loci
2026,sate
2027,moll
2028,vacs
2029,sima
2030,tamp
2031,pfui
2032,mads
2033,urns
2034,omer
2035,efts
2036,knob
2037,urea
2038,jazz
2039,dove
2040,wops
2041,oats
2042,vide
2043,gave
2044,oink
2045,eath
2046,huns
2047,vent
2048,eons
2049,ones
2050,exes
2051,mewl
2052,wont
2053,hoed
2054,plot
2055,topi
2056,data
2057,dean
2058,zees
2059,digs
2060,fame
2061,jato
2062,ughs
2063,gibe
2064,coot
2065,hahs
2066,leno
2067,gaes
2068,guns
2069,ells
2070,drub
2071,tend
2072,gled
2073,pawn
2074,bels
2075,byrl
2076,wish
2077,mint
2078,urge
2079,haft
2080,peri
2081,fuss
2082,vars
2083,hyps
2084,vavs
2085,adze
2086,weds
2087,mica
2088,fold
2089,cero
2090,chug
2091,pele
2092,pika
2093,wall
2094,wawl
2095,mums
2096,berg
2097,piny
2098,ekes
2099,baal
2100,bren
2101,dree
2102,mems
2103,damn
2104,joys
2105,rugs
2106,mood
2107,pias
2108,dads
2109,nope
2110,yodh
2111,nidi
2112,boot
2113,heil
2114,soya
2115,gins
2116,deli
2117,thio
2118,game
2119,lunt
2120,sade
2121,toad
2122,typp
2123,able
2124,husk
2125,airy
2126,fuck
2127,waft
2128,tiki
2129,sobs
2130,dato
2131,vugs
2132,mass
2133,eche
2134,bogs
2135,tutu
2136,alum
2137,nave
2138,erns
2139,gory
2140,coon
2141,twig
2142,semi
2143,glen
2144,grot
2145,reek
2146,hiss
2147,poof
2148,sark
2149,cine
2150,bets
2151,lira
2152,mage
2153,sati
2154,rued
2155,bomb
2156,cuds
2157,trot
2158,bung
2159,gyps
2160,axed
2161,bunn
2162,roll
2163,moil
2164,lang
2165,more
2166,sewn
2167,bint
2168,didy
2169,otto
2170,pimp
2171,drew
2172,hook
2173,ceca
2174,raff
2175,mack
2176,then
2177,howe
2178,faro
2179,lacy
2180,omen
2181,frog
2182,exon
2183,kirn
2184,teak
2185,file
2186,kris
2187,spit
2188,slub
2189,amok
2190,abet
2191,exam
2192,sizy
2193,kafs
2194,arcs
2195,vera
2196,sera
2197,moth
2198,neon
2199,wake
2200,eyre
2201,curn
2202,flap
2203,raga
2204,jole
2205,tong
2206,toys
2207,gown
2208,keet
2209,mode
2210,roux
2211,tuck
2212,haps
2213,vial
2214,aped
2215,gnaw
2216,bold
2217,hart
2218,make
2219,ayin
2220,stey
2221,toro
2222,dows
2223,mags
2224,doze
2225,gobo
2226,mods
2227,khat
2228,coho
2229,oils
2230,erne
2231,waul
2232,yore
2233,bail
2234,plug
2235,your
2236,look
2237,tame
2238,vina
2239,cell
2240,rode
2241,womb
2242,hurl
2243,caph
2244,chay
2245,bonk
2246,dorr
2247,mine
2248,brew
2249,huge
2250,jabs
2251,mozo
2252,nick
2253,bole
2254,axle
2255,anus
2256,blat
2257,yolk
2258,spat
2259,pour
2260,lair
2261,nubs
2262,rays
2263,muff
2264,posy
2265,ting
2266,matt
2267,heat
2268,isle
2269,fury
2270,prop
2271,stab
2272,kilo
2273,meal
2274,rote
2275,inby
2276,melt
2277,fohn
2278,pins
2279,yuca
2280,slug
2281,anas
2282,odic
2283,eaux
2284,glim
2285,lutz
2286,kaif
2287,feat
2288,wets
2289,wany
2290,bone
2291,fink
2292,lose
2293,ordo
2294,orgy
2295,calo
2296,awee
2297,coir
2298,dill
2299,away
2300,jota
2301,wert
2302,vaws
2303,heed
2304,need
2305,neve
2306,jane
2307,sers
2308,trig
2309,vaus
2310,cowl
2311,lien
2312,toll
2313,sway
2314,arse
2315,vatu
2316,fogs
2317,coca
2318,surd
2319,buss
2320,coys
2321,icon
2322,rush
2323,folk
2324,caws
2325,dore
2326,cozy
2327,roil
2328,tank
2329,weka
2330,gies
2331,axil
2332,bios
2333,feds
2334,spay
2335,glop
2336,fyce
2337,cham
2338,rede
2339,scud
2340,loon
2341,bias
2342,pone
2343,slow
2344,kaka
2345,ever
2346,pans
2347,akee
2348,guvs
2349,peed
2350,loan
2351,vigs
2352,epee
2353,lags
2354,nogs
2355,tyne
2356,hope
2357,abas
2358,abye
2359,flea
2360,opal
2361,dyes
2362,root
2363,prog
2364,gigs
2365,quiz
2366,tuba
2367,turf
2368,pows
2369,herl
2370,luck
2371,hent
2372,maya
2373,mump
2374,ahem
2375,gids
2376,alec
2377,peat
2378,tear
2379,zarf
2380,dusk
2381,byre
2382,gust
2383,wyte
2384,kops
2385,blur
2386,coed
2387,laws
2388,bump
2389,soda
2390,tier
2391,busy
2392,dunk
2393,rees
2394,dick
2395,acre
2396,demo
2397,huts
2398,seas
2399,swig
2400,into
2401,oxid
2402,year
2403,sawn
2404,amia
2405,base
2406,lynx
2407,line
2408,daft
2409,pats
2410,wore
2411,halo
2412,lown
2413,meno
2414,beau
2415,tref
2416,yelp
2417,abba
2418,none
2419,prow
2420,agee
2421,cusp
2422,cwms
2423,city
2424,vase
2425,harm
2426,snug
2427,wiry
2428,ulna
2429,rube
2430,vows
2431,bota
2432,dork
2433,cult
2434,heme
2435,lyse
2436,trop
2437,raft
2438,boar
2439,spik
2440,nite
2441,ohed
2442,mini
2443,want
2444,mare
2445,oaks
2446,gape
2447,pine
2448,tike
2449,knew
2450,vang
2451,pert
2452,kelp
2453,deny
2454,chap
2455,pian
2456,ichs
2457,wauk
2458,gout
2459,hymn
2460,loca
2461,pied
2462,glia
2463,puma
2464,bolt
2465,palm
2466,pogy
2467,moas
2468,muni
2469,whit
2470,papa
2471,spun
2472,tots
2473,deft
2474,raja
2475,amyl
2476,peel
2477,tote
2478,brae
2479,nuke
2480,deaf
2481,lass
2482,fora
2483,shin
2484,alif
2485,pooh
2486,farl
2487,nabs
2488,sura
2489,cyma
2490,tavs
2491,stob
2492,supe
2493,dees
2494,nose
2495,tela
2496,pips
2497,spue
2498,wons
2499,duke
2500,viny
2501,dump
2502,many
2503,flex
2504,revs
2505,duns
2506,chit
2507,wain
2508,pipe
2509,tels
2510,moke
2511,bolo
2512,hash
2513,fume
2514,mess
2515,guys
2516,mist
2517,help
2518,spur
2519,ibis
2520,sill
2521,dene
2522,hoes
2523,ogle
2524,wasp
2525,dawt
2526,jail
2527,rimy
2528,errs
2529,fort
2530,roof
2531,pout
2532,flay
2533,weel
2534,busk
2535,tews
2536,doll
2537,lull
2538,pung
2539,edit
2540,pity
2541,sadi
2542,boxy
2543,mote
2544,lone
2545,sump
2546,glut
2547,null
2548,mask
2549,pens
2550,vair
2551,bash
2552,kaes
2553,epha
2554,lain
2555,sofa
2556,woof
2557,howl
2558,taxa
2559,sync
2560,said
2561,faux
2562,yows
2563,duce
2564,nazi
2565,plan
2566,glug
2567,lost
2568,tyer
2569,mell
2570,flit
2571,enow
2572,nail
2573,perk
2574,word
2575,soja
2576,milt
2577,dies
2578,jilt
2579,warm
2580,ways
2581,kiwi
2582,spot
2583,gley
2584,hike
2585,inky
2586,irid
2587,chat
2588,pegs
2589,daff
2590,lock
2591,smug
2592,wold
2593,derm
2594,amah
2595,dirt
2596,gibs
2597,loaf
2598,blub
2599,omit
2600,flat
2601,abut
2602,prep
2603,cist
2604,body
2605,bins
2606,daps
2607,atop
2608,wise
2609,gits
2610,frit
2611,blew
2612,balm
2613,kobo
2614,puce
2615,feck
2616,neum
2617,noes
2618,sent
2619,belt
2620,sire
2621,dele
2622,lids
2623,ilea
2624,fehs
2625,gums
2626,lowe
2627,rime
2628,rude
2629,send
2630,drat
2631,funs
2632,tics
2633,fool
2634,neck
2635,yins
2636,mama
2637,told
2638,prex
2639,glom
2640,upas
2641,guts
2642,kith
2643,trio
2644,cogs
2645,clag
2646,cubs
2647,kino
2648,raps
2649,raze
2650,taut
2651,cols
2652,lion
2653,ares
2654,shit
2655,sinh
2656,agas
2657,baas
2658,mild
2659,mush
2660,zest
2661,pean
2662,anti
2663,whet
2664,jagg
2665,cant
2666,only
2667,chis
2668,goal
2669,sall
2670,lama
2671,cane
2672,dost
2673,yond
2674,nogg
2675,pock
2676,rocs
2677,sack
2678,nans
2679,fall
2680,fuji
2681,pial
2682,ruer
2683,cain
2684,geez
2685,jaup
2686,trim
2687,kava
2688,limb
2689,hoot
2690,ayah
2691,loud
2692,wins
2693,vans
2694,rues
2695,bods
2696,tuft
2697,jock
2698,achy
2699,poky
2700,love
2701,pane
2702,tepa
2703,emit
2704,lung
2705,pall
2706,yeld
2707,slim
2708,scow
2709,snye
2710,trek
2711,flue
2712,show
2713,ditz
2714,yeti
2715,iwis
2716,prau
2717,pule
2718,lore
2719,vale
2720,lick
2721,wigs
2722,frig
2723,brig
2724,duma
2725,tzar
2726,home
2727,stun
2728,over
2729,such
2730,visa
2731,cows
2732,wipe
2733,sexy
2734,fine
2735,fice
2736,bams
2737,dude
2738,lobe
2739,rynd
2740,taus
2741,secs
2742,ebbs
2743,kues
2744,rack
2745,take
2746,tool
2747,bark
2748,race
2749,wynd
2750,deke
2751,jell
2752,bals
2753,edgy
2754,mitt
2755,cent
2756,burn
2757,parr
2758,five
2759,lazy
2760,trip
2761,jube
2762,gapy
2763,wive
2764,ikon
2765,feme
2766,site
2767,alms
2768,kief
2769,surf
2770,jams
2771,bear
2772,duet
2773,elms
2774,hark
2775,mure
2776,peep
2777,park
2778,sung
2779,opts
2780,puli
2781,fist
2782,this
2783,lase
2784,scan
2785,tide
2786,rest
2787,norm
2788,baht
2789,fixt
2790,east
2791,loge
2792,prim
2793,adit
2794,leva
2795,rigs
2796,tony
2797,grip
2798,alps
2799,dags
2800,gear
2801,yeas
2802,lent
2803,poke
2804,past
2805,nous
2806,laps
2807,logs
2808,fain
2809,hell
2810,lakh
2811,neuk
2812,sext
2813,sola
2814,tell
2815,aper
2816,gast
2817,aryl
2818,riel
2819,luxe
2820,tuns
2821,cosy
2822,kola
2823,nowt
2824,foam
2825,sims
2826,heck
2827,sumo
2828,clay
2829,dire
2830,gays
2831,juga
2832,tact
2833,loch
2834,mays
2835,abys
2836,fuds
2837,nows
2838,hive
2839,yule
2840,wove
2841,dibs
2842,boas
2843,funk
2844,jeer
2845,mill
2846,suds
2847,bree
2848,maws
2849,nape
2850,pars
2851,ecus
2852,furl
2853,darn
2854,hate
2855,gong
2856,hurt
2857,newt
2858,luvs
2859,buhr
2860,nods
2861,scar
2862,slaw
2863,zins
2864,meek
2865,toit
2866,ukes
2867,gaze
2868,kyat
2869,days
2870,bell
2871,frug
2872,wost
2873,zoic
2874,hole
2875,kirs
2876,okeh
2877,heel
2878,bhut
2879,mere
2880,hums
2881,bora
2882,etui
2883,froe
2884,jauk
2885,geum
2886,karn
2887,alee
2888,rasp
2889,sabe
2890,sums
2891,jolt
2892,aals
2893,swap
2894,wild
2895,opus
2896,soon
2897,oily
2898,pets
2899,sulk
2900,oyer
2901,dawn
2902,jins
2903,tubs
2904,gorp
2905,deco
2906,came
2907,wars
2908,skew
2909,teas
2910,ammo
2911,lido
2912,eyas
2913,cars
2914,snub
2915,ears
2916,part
2917,fuzz
2918,riot
2919,yegg
2920,craw
2921,idly
2922,syce
2923,robs
2924,ossa
2925,skua
2926,gold
2927,hili
2928,deem
2929,fane
2930,vena
2931,coma
2932,odds
2933,aero
2934,ains
2935,staw
2936,join
2937,hams
2938,sept
2939,diva
2940,agar
2941,kefs
2942,gane
2943,khet
2944,tirl
2945,zein
2946,wily
2947,buff
2948,dugs
2949,pica
2950,hawk
2951,twee
2952,mane
2953,rips
2954,exec
2955,late
2956,vive
2957,ripe
2958,wart
2959,will
2960,woes
2961,floc
2962,barf
2963,math
2964,mugg
2965,gamb
2966,rase
2967,perv
2968,pool
2969,dart
2970,fiar
2971,peal
2972,perm
2973,baby
2974,club
2975,homo
2976,bans
2977,skis
2978,vamp
2979,jinx
2980,bums
2981,tach
2982,spic
2983,chao
2984,prez
2985,bids
2986,yech
2987,floe
2988,eddy
2989,eels
2990,nodi
2991,down
2992,dite
2993,iffy
2994,kirk
2995,ansa
2996,memo
2997,falx
2998,girl
2999,yods
3000,loth
3001,purl
3002,braw
3003,rain
3004,sols
3005,deed
3006,frae
3007,hank
3008,rile
3009,cere
3010,samp
3011,defy
3012,gird
3013,clef
3014,tone
3015,bads
3016,bunt
3017,tail
3018,leaf
3019,loll
3020,sudd
3021,swot
3022,cire
3023,ergs
3024,fila
3025,bize
3026,lisp
3027,shun
3028,mold
3029,ghat
3030,ecru
3031,icky
3032,juba
3033,bozo
3034,weer
3035,jake
3036,idea
3037,lout
3038,boon
3039,cade
3040,nits
3041,stet
3042,ylem
3043,pace
3044,airn
3045,beep
3046,coax
3047,loos
3048,morn
3049,unde
3050,cyan
3051,anew
3052,syph
3053,poet
3054,ford
3055,sagy
3056,yams
3057,tore
3058,ship
3059,mews
3060,unci
3061,asks
3062,bedu
3063,viol
3064,pond
3065,dogs
3066,thro
3067,much
3068,dels
3069,uvea
3070,wary
3071,byes
3072,ride
3073,brin
3074,arvo
3075,cams
3076,luce
3077,thew
3078,odyl
3079,gals
3080,hehs
3081,curd
3082,updo
3083,sass
3084,buhl
3085,gill
3086,whid
3087,diel
3088,sacs
3089,skas
3090,gran
3091,grey
3092,simp
3093,stag
3094,calx
3095,pecs
3096,bene
3097,zyme
3098,ragi
3099,fate
3100,odes
3101,plod
3102,orzo
3103,loam
3104,loom
3105,sunn
3106,tied
3107,coil
3108,pugh
3109,oryx
3110,puck
3111,spry
3112,boob
3113,else
3114,litu
3115,ouph
3116,acyl
3117,pate
3118,tret
3119,waxy
3120,aves
3121,paca
3122,paps
3123,teal
3124,whir
3125,wood
3126,emfs
3127,liny
3128,zonk
3129,guru
3130,huic
3131,odor
3132,jape
3133,clip
3134,drug
3135,kerf
3136,free
3137,fico
3138,daks
3139,maul
3140,fids
3141,lute
3142,geed
3143,modi
3144,rove
3145,dumb
3146,doum
3147,fley
3148,vela
3149,cete
3150,bosk
3151,jees
3152,lire
3153,sink
3154,skip
3155,skid
3156,ceil
3157,junk
3158,keys
3159,hwan
3160,awol
3161,carl
3162,rind
3163,snaw
3164,yald
3165,duci
3166,juke
3167,marl
3168,pfft
3169,mown
3170,cage
3171,orad
3172,lavs
3173,hame
3174,cion
3175,mixt
3176,eras
3177,muse
3178,felt
3179,land
3180,news
3181,pear
3182,pros
3183,raya
3184,nice
3185,towy
3186,pops
3187,prig
3188,java
3189,nook
3190,toea
3191,flaw
3192,geck
3193,peas
3194,whin
3195,twin
3196,thus
3197,fans
3198,chic
3199,fets
3200,garb
3201,pore
3202,pree
3203,tube
3204,maar
3205,whim
3206,yuks
3207,aces
3208,pech
3209,inns
3210,joke
3211,avos
3212,blet
3213,next
3214,nona
3215,nova
3216,glee
3217,scop
3218,toot
3219,birk
3220,izar
3221,noun
3222,wean
3223,glib
3224,jinn
3225,kats
3226,buck
3227,oyez
3228,wink
3229,spar
3230,tods
3231,luna
3232,rets
3233,tori
3234,snot
3235,tart
3236,agly
3237,cays
3238,come
3239,lord
3240,shiv
3241,stay
3242,tent
3243,bury
3244,sick
3245,dals
3246,lats
3247,musk
3248,pale
3249,barn
3250,gels
3251,whip
3252,toft
3253,yelk
3254,guff
3255,hern
3256,bald
3257,wing
3258,ceps
3259,lows
3260,eave
3261,town
3262,here
3263,gaps
3264,mate
3265,mumu
3266,vasa
3267,dive
3268,fumy
3269,taro
3270,apex
3271,fare
3272,wich
3273,gaur
3274,kadi
3275,lump
3276,sews
3277,shut
3278,than
3279,paid
3280,case
3281,flee
3282,boll
3283,fibs
3284,gyms
3285,lite
3286,sect
3287,wads
3288,inro
3289,woos
3290,blow
3291,slap
3292,hebe
3293,tala
3294,iota
3295,stir
3296,wavy
3297,seif
3298,fail
3299,feus
3300,stye
3301,xyst
3302,fugu
3303,whop
3304,meed
3305,shed
3306,piso
3307,cabs
3308,hood
3309,zaps
3310,calf
3311,flus
3312,moue
3313,seer
3314,sals
3315,kayo
3316,mans
3317,nema
3318,bred
3319,envy
3320,cobb
3321,hour
3322,cony
3323,vext
3324,gone
3325,keen
3326,load
3327,sips
3328,vugh
3329,tram
3330,jows
3331,khis
3332,week
3333,wist
3334,cowy
3335,glue
3336,alae
3337,fard
3338,fops
3339,seta
3340,cads
3341,bort
3342,mope
3343,bosh
3344,bout
3345,eery
3346,naps
3347,nori
3348,sial
3349,loup
3350,leek
3351,anna
3352,buoy
3353,jowl
3354,mogs
3355,move
3356,roam
3357,mike
3358,ward
3359,paws
3360,alls
3361,laze
3362,hags
3363,obis
3364,well
3365,dolt
3366,orca
3367,dins
3368,feta
3369,lend
3370,mola
3371,boat
3372,teth
3373,wire
3374,rots
3375,pike
3376,dang
3377,etas
3378,leke
3379,puss
3380,ziti
3381,haar
3382,migg
3383,mile
3384,knar
3385,salp
3386,wade
3387,mire
3388,souk
3389,beet
3390,neap
3391,pees
3392,buds
3393,elhi
3394,imam
3395,syne
3396,flog
3397,jess
3398,miss
3399,agon
3400,drib
3401,lacs
3402,burg
3403,koas
3404,mesh
3405,para
3406,sloe
3407,tale
3408,desk
3409,wady
3410,qadi
3411,awes
3412,info
3413,swab
3414,cadi
3415,guls
3416,shes
3417,clue
3418,fizz
3419,ally
3420,lulu
3421,emyd
3422,kilt
3423,fons
3424,vagi
3425,tine
3426,blah
3427,eked
3428,pile
3429,cees
3430,cast
3431,paly
3432,skag
3433,goer
3434,ails
3435,code
3436,bong
3437,tsks
3438,dago
3439,duad
3440,bony
3441,tuis
3442,mice
3443,bits
3444,puls
3445,smit
3446,mise
3447,aims
3448,subs
3449,heir
3450,made
3451,ryke
3452,tidy
3453,bile
3454,trey
3455,keir
3456,when
3457,foes
3458,gala
3459,fits
3460,fray
3461,dams
3462,menu
3463,poco
3464,rite
3465,ruly
3466,navy
3467,caps
3468,ikat
3469,koto
3470,baud
3471,amus
3472,aria
3473,blae
3474,prof
3475,tody
3476,ruck
3477,moot
3478,lars
3479,were
3480,moat
3481,gene
3482,monk
3483,yank
3484,stum
3485,kain
3486,pigs
3487,avid
3488,sous
3489,beth
3490,carb
3491,sand
3492,sign
3493,anal
3494,kins
3495,ewes
3496,rent
3497,jamb
3498,shat
3499,time
3500,plum
3501,teem
3502,fade
3503,trad
3504,beta
3505,cram
3506,kegs
3507,scat
3508,undo
3509,mids
3510,sees
3511,duit
3512,narc
3513,loof
3514,swob
3515,twit
3516,keas
3517,arbs
3518,meet
3519,anis
3520,vees
3521,talk
3522,bask
3523,scag
3524,leys
3525,fuze
3526,tilt
3527,oxim
3528,yuck
3529,herb
3530,exit
3531,eggy
3532,fino
3533,gens
3534,grab
3535,teen
3536,brut
3537,brow
3538,pima
3539,tain
3540,mils
3541,duct
3542,pouf
3543,heft
3544,repo
3545,hasp
3546,kent
3547,true
3548,broo
3549,owse
3550,bust
3551,nurl
3552,cook
3553,plie
3554,ping
3555,aunt
3556,fowl
3557,waur
3558,yaks
3559,numb
3560,acid
3561,bowl
3562,bray
3563,berm
3564,debs
3565,iron
3566,mosk
3567,rump
3568,pyic
3569,wick
3570,taco
3571,brag
3572,keel
3573,laid
3574,bang
3575,dewy
3576,dint
3577,woke
3578,size
3579,zoom
3580,muns
3581,umbo
3582,quin
3583,yare
3584,tons
3585,lall
3586,ache
3587,fund
3588,hues
3589,feud
3590,osar
3591,pawl
3592,kagu
3593,tufa
3594,aery
3595,sone
3596,gyve
3597,palp
3598,yawl
3599,gift
3600,kyar
3601,them
3602,took
3603,both
3604,eros
3605,imps
3606,jill
3607,grub
3608,pent
3609,heal
3610,dups
3611,sage
3612,peps
3613,cock
3614,peak
3615,roto
3616,dead
3617,demy
3618,goon
3619,arts
3620,vice
3621,temp
3622,ursa
3623,skep
3624,huck
3625,dyke
3626,pure
3627,tyee
3628,dexy
3629,gets
3630,kits
3631,meze
3632,cuif
3633,gags
3634,lash
3635,slut
3636,sods
3637,jobs
3638,stoa
3639,ulan
3640,peon
3641,crab
3642,bops
3643,putt
3644,ores
3645,refs
3646,deal
3647,emeu
3648,shri
3649,plop
3650,carp
3651,yaud
3652,orle
3653,ream
3654,pood
3655,easy
3656,vrow
3657,sild
3658,waff
3659,alma
3660,fess
3661,hair
3662,pill
3663,gien
3664,slab
3665,back
3666,beef
3667,slip
3668,auld
3669,vest
3670,door
3671,wits
3672,prod
3673,alts
3674,scam
3675,harp
3676,wide
3677,bima
3678,luau
3679,kemp
3680,mole
3681,shea
3682,regs
3683,aeon
3684,girn
3685,clam
3686,troy
3687,piki
3688,writ
3689,snog
3690,drag
3691,macs
3692,cagy
3693,clap
3694,fuci
3695,soth
3696,draw
3697,suit
3698,vino
3699,weft
3700,bull
3701,cart
3702,iamb
3703,agha
3704,noir
3705,haws
3706,dors
3707,sell
3708,sons
3709,hens
3710,segs
3711,naan
3712,pier
3713,kuru
3714,inia
3715,tivy
3716,helo
3717,pase
3718,rete
3719,lier
3720,alan
3721,dung
3722,bleb
3723,fake
3724,inch
3725,jupe
3726,mite
3727,kays
3728,midi
3729,lour
3730,pelt
3731,wave
3732,oyes
3733,mabe
3734,bros
3735,oxen
3736,path
3737,hong
3738,puds
3739,pyes
3740,teds
3741,pina
3742,bunk
3743,limo
3744,urus
3745,holp
3746,coda
3747,sups
3748,yaff
3749,mols
3750,curr
3751,hajj
3752,jura
3753,dhak
3754,clog
3755,fado
3756,clot
3757,beat
3758,tire
3759,rife
3760,kudo
3761,bice
3762,firn
3763,leas
3764,rick
3765,dure
3766,weet
3767,sine
3768,puri
3769,clew
3770,tips
3771,tups
3772,caid
3773,lues
3774,shew
3775,card
3776,pods
3777,tule
3778,rias
3779,doge
3780,grog
3781,kite
3782,dish
3783,rely
3784,haha
3785,hadj
3786,pols
3787,torc
3788,acme
3789,ofay
3790,rhea
3791,dews
3792,bend
3793,fogy
3794,tung
3795,thaw
3796,casa
3797,sike
3798,band
3799,coos
3800,amie
3801,oots
3802,done
3803,trod
3804,atma
3805,king
3806,ilex
3807,foin
3808,jibb
3809,hunt
3810,gore
3811,dona
3812,hade
3813,roue
3814,chop
3815,comb
3816,moan
3817,padi
3818,sins
3819,josh
3820,moxa
3821,carr
3822,rapt
3823,rail
3824,scup
3825,capo
3826,owed
3827,rust
3828,cris
3829,gaen
3830,phon
3831,saps
3832,eves
3833,ywis
3834,zing
3835,doss
3836,mots
3837,psst
3838,herm
3839,aits
3840,aahs
3841,nill
3842,ager
3843,irks
3844,vies
3845,lint
3846,rank
3847,wile
3848,limn
3849,lief
3850,live
3851,stow
3852,lips
3853,alas
3854,lube
3855,peek
3856,solo
3857,tsar
3858,mina
3859,cape
3860,arak
3861,typy
3862,life
3863,faun
3864,lude
3865,urbs
3866,pend
3867,duel
3868,yagi
3869,deck
3870,dime
3871,nosh
3872,film
3873,sash
3874,duro
3875,unit
3876,sice
3877,kors
3878,dace
3879,kart
3880,lamp
3881,juts
3882,farm
3883,tahr
3884,kaon
3885,axes
3886,dits
3887,hush
3888,ogee
3889,yurt
3890,curl
3891,ulus
3892,fads
3893,slot
3894,yaws
3895,punt
3896,snip
3897,beak
3898,most
3899,damp
3900,gaby
3901,agog
3902,dupe
3903,kids
3904,aced
3905,feel
3906,ants
3907,crag
3908,sibs
3909,yowe
3910,babe
